;reference;station;deployment;zone;lat_degN;lon_degE;depth_m;pic_poc;bsi_poc;mass_mg_m2_d;poc_µmol_m2_d;pic_µmol_m2_d;bsi_µmol_m2_d;Actinocyclus_actinochilus;Actinocyclus_cuneiformis;Actinocyclus_curvatulus;Actinocyclus_exiguus;Actinocyclus_octonarius;Actonicyclus_rattrayi;Actinocyclus_spp.;Alveus_marinus;Amphora_copulata;Asteromphalus_heptactis;Asteromphalus_hookeri;Asteromphalus_hyalinus;Asteromphalus_parvulus;Asteromphalus_spp.;Azpeitia_tabularis;Banquisia_belgicae;Chaetoceros_atlanticus;Chaetoceros_aequatorialis_var_antarcticus;Chaetoceros_bulbosus;Chaetoceros_criophilus;Chaetoceros_decipiens;Chaetoceros_diadema;Chaetoceros_dichaeta;Chaetoceros_peruvianus;Chaetoceros_radicans;Chaetoceros_sub._Hyalochaete;Chaetoceros_sub_Phaeoceros;Cocconeis_costata;Cocconeis_dallmannii;Cocconeis_fasciolata;Cocconeis_california_var_california;Cocconeis_california_var_kerguelensis;Cocconeis_melchioroides;Cocconeis_spp.;Corethron_inerme;Corethron_pennatum;Coscinodiscus_asteromphalus;Coscinodiscus_curvatulus;Coscinodiscus_marginatus;Coscinodiscus_spp.;Cyclotella_spp.;Dactyliosolen_antarcticus;Denticulopsis_spp.;Diploneis_bombus;Eucampia_antarctica;Eupyxidicula_turris;Fallacia_marnieri;Fragilariopsis_bicapitata;Fragilariopsis_curta;Fragilariopsis_cylindrus;Fragilariopsis_doliolus;Fragilariopsis_kerguelensis;Fragilariopsis_obliquecostata;Fragilariopsis_panduriformis;Fragilariopsis_pseudonana;Fragilariopsis_rhombica;Fragilariopsis_ritscheri;Fragilariopsis_separanda;Fragilariopsis_vanheurckii;Fragilariopsis_spp.;Gomphomenopsis_littoralis;Guinardia_cylindrus;Gyrosigma_spp;Haslea_trompii;Leptocylindrus_spp.;Licmophora_gracilis;Manguinea_fusiformis;Melosira_adeliae;Membraneis_challengeri;Navicula_directa;Navicula_spp.;Nitzschia_bicapitata;Nitzschia_braarudii;Nitzschia_interruptestriata;Nitzschia_kolaczeckii;Nitzschia_sicula;Nitzschia_stellata;Nitzschia_taeniiformis;Nitzschia_spp.;Odontella_weissflogii;Odontella_weissflogii_spore;Paralia_sulcata;Paralia_spp.;Plagiotropis_gaussii;Pleurosigma_directum;Pleurosigma_spp.;Porosira_glacialis;Porosira_pseudodenticulata;Proboscia_alata;Proboscia_inermis;Proboscia_truncata;Proboscia_spp.;Psammodictyon_panduriforme;Pseudogomphonema_kamtschaticum;Pseudo-nitzschia_heimii;Pseudo-nitzschia_lineola;Pseudo-nitzschia_prolongatoides;Pseudo-nitzschia_turgiduloides;Pseudo-nitzschia_heimii_lineola;Rhizosolenia_antennata;Rhizosolenia_bergonii;Rhizosolenia_chunii;Rhizosolenia_costata;Rhizosolenia_crassa;Rhizosolenia_curvata;Rhizosolenia_hebetata;Rhizosolenia_polydactyla;Rhizosolenia_sima;Rhizosolenia_simplex;Rhizosolenia_styliformis;Rhizosolenia_spp.;Roperia_tesselata;Rouxia spp.;Shionodiscus_gracilis_var_expectus;Shionodiscus_gracilis_var_gracilis;Shionodiscus_freguelliopsis;Shionodiscus_oestrupii;Shionodiscus_trifultus;Stellarima_microtrias;Stellarima_stellaris;Synedropsis_laevis;Synedropsis_recta;Synedropsis_spp.;Thalassionema_nitzschioides;Thalassionema_nitzschioides_var_capitulata;Thalassionema_nitzschioides_var_lanceolata;Thalassionema_nitzschioides_var_parva;Thalassiosira_antarctica;Thalassiosira_decipiens;Thalassiosira_eccentrica;Thalassiosira_ferrelineata;Thalassiosira_gracilis;Thalassiosira_gracilis_var_expecta;Thalassiosira_gravida;Thalassiosira_lentiginosa;Thalassiosira_leptoptus;Thalassiosira_lineata;Thalassiosira_maculata;Thalassiosira_oestrupii;Thalassiosira_oliverana;Thalassiosira_scotia;Thalassiosira_symmetrica;Thalassiosira_tumida;Thalassiothrix_antarctica;Trachyneis_aspera;Trichotoxon_reinboldii
0;Rigual_Hernandez_2015a;47S;47S-1;SAZ;-46.77;142.07;1000;1.2403500429959036;0.18097862307287477;54.19000000000001;297.5000000000001;384.2;60.6666666666667;0.0;5.432991179479378;0.1263850533686375;0.0;0.0;0.0;1.0933508065856905;0.196078431372549;0.0;0.0;0.1445885509838998;0.040899795501022504;0.0;0.0;14.697043776955763;0.0;0.0;0.0;0.0;0.0;0.0;0.0;0.0;0.0;0.0;2.1349085711561044;0.0;0.0;0.0;0.0;0.0;0.0;0.0;0.0533333333333333;0.0;0.0;0.0;0.0;0.0;0.0;0.025380710659898498;0.0;0.0;0.0;0.0480769230769231;0.0;0.0;0.0;0.0;0.0;0.1953500577724323;35.65597178151999;0.0;0.0;0.0;0.24746509868085612;0.2006436432757726;0.0;0.0;0.0;0.0;0.0;0.0;0.0;0.0;0.0;0.0;0.0;0.0;0.0;0.0;2.732292494357833;0.23396733650142648;0.0;0.8518002944357417;1.086927560432875;0.0;0.0;0.0;0.0;0.0;0.0;0.0;0.0;0.0;0.6638136949605261;0.0;0.2159868431987325;0.0;0.0;0.0;0.0;0.10666666666666699;0.0;0.0480769230769231;0.025380710659898498;0.0;0.0;0.0;0.0945885509838998;1.86296895715027;0.0;0.0;0.0;0.0;0.0;0.025380710659898498;0.0;0.0;0.0;0.24440433212996399;2.213919257650759;0.0;0.0;0.0;0.0;0.0;2.1264232788601083;0.0;0.6162167553136667;0.0;0.0;0.0;0.0571772130446362;0.025380710659898498;0.025380710659898498;0.0;0.0;0.0;1.3247758300258625;0.5609036189680016;0.5248765157403529;0.061728395061728406;0.0;2.6586396448743366;0.0;2.5510652739258552;0.06359300476947541;1.8806891573190678;0.0465116279069767;0.0;0.3206882304332425;0.152569723347421;1.411292980247929;0.0;0.0
1;Rigual_Hernandez_2015a;47S;47S-1;SAZ;-46.77;142.07;1000;1.1301409710105357;0.1657501754059724;41.233333333333334;244.44444444444454;288.22222222222223;43.51851851851852;0.026903416733925222;3.4161939941435637;0.5485161088546611;0.0;0.0;0.0;0.08071025020177566;0.0;0.0;0.0;0.0;0.0;0.07378574209726323;0.0;15.39313492626009;0.0;0.05559032123487689;0.0;0.0;0.0;0.0;0.0;0.0;0.13720969815982656;0.0;1.203142695243962;0.0;0.0;0.0;0.0;0.0;0.0;0.0;0.08252850364812354;0.0;0.0;0.0;0.0;0.0;0.0;0.0;0.0;0.0;0.0;0.10432968179447055;0.0;0.0;0.0;0.0;0.0;0.7881303153272218;37.32356816511968;0.0;0.0;0.0;0.05817077053663766;0.046882325363338;0.0;0.0;0.0;0.0;0.0;0.0;0.0;0.0;0.0;0.0;0.0;0.0;0.0;0.0;1.322311533664686;0.2482231508268152;0.0;0.39897542427543936;0.5335917026627376;0.0;0.0;0.0;0.0;0.0;0.0;0.046882325363338;0.0;0.0;0.17513429839742045;0.0;0.10501833022065434;0.07466010314111576;0.0;0.0;0.026903416733925222;0.07466010314111576;0.0;0.0;0.0;0.0;0.0;0.08227877439391833;0.16273929534148876;1.0341164108523615;0.0;0.0;0.0;0.0;0.0;0.0;0.0;0.0;0.0;0.1119776040044881;3.671549228489814;0.0;0.0;0.0;0.0;0.0;0.46933667083854896;0.0;0.5263321993330012;0.0;0.0;0.0;0.10852279365887478;0.026903416733925222;0.2889981885553786;0.0;0.0;0.0;0.6638442383715384;0.3098193375514638;0.4359674158550516;0.05562508691419833;0.0;6.8857030965935495;0.0;1.611818052940467;0.20207209551471847;7.350079774294498;0.10414396917680177;0.0;0.37025222244859846;0.0;4.919724792881421;0.046882325363338;0.0
2;Rigual_Hernandez_2015a;47S;47S-1;SAZ;-46.77;142.07;1000;1.7090962881090532;0.31462601700899556;66.74;306.6666666666668;505.8;92.66666666666666;0.0;2.347377121062809;0.3924106300624616;0.0988875154511742;0.0;0.0;0.249625934580529;0.0;0.0;0.0;0.0;0.0;0.0;0.0;7.340426629899798;0.0;0.992768850432632;0.0;0.0;0.0;0.0;0.0;0.2494437577255872;0.547218788627936;0.0;2.807799368358308;0.0;0.0;0.0;0.0;0.0;0.0;0.0;0.0999375780274656;0.0;0.1492569582237192;0.0;0.0;0.0;0.0;0.0;0.0;0.0;0.0;0.0;0.0;0.0;0.0;0.0;0.0;0.1496883565530634;49.87600655150412;0.0;0.0;0.1;0.1;0.1931536718387426;0.0;0.0;0.0;0.0;0.0;0.0;0.0;0.0;0.0;0.0;0.0;0.0994437577255872;0.0;0.0;3.9102103689148366;0.09962640099626399;0.0;0.2487007159493062;1.9802609237866473;0.0;0.0;0.196392114533099;0.0;0.0;0.0;0.0;0.0;0.0;0.09694835680751179;0.0;0.0994437577255872;0.1488875154511742;0.0;0.0;0.0;0.05;0.0;0.2494437577255872;0.396662546353522;0.0;0.0;0.0;0.199813200498132;1.4860949874167293;0.0;0.0;0.0;0.0;0.0;0.0469483568075118;0.0;0.0;0.0;0.24876267150610562;3.193480668157934;0.0;0.0;0.0;0.0;0.0;2.2794863820934395;0.0;0.196018515529363;0.0;0.0;0.0;0.14981273408239698;0.0;0.143834291642489;0.0499375780274656;0.0;0.0;1.125113778088501;0.7251508334838237;0.2468859348349774;0.0999375780274656;0.0;1.679767999090568;0.0;1.0771690017991147;0.0;5.066807438007908;0.09962640099626399;0.0;0.49283787216061475;0.0494437577255872;2.3530363074010587;0.0;0.0
3;Rigual_Hernandez_2015a;47S;47S-1;SAZ;-46.77;142.07;1000;0.9026837478311183;0.15770975515712388;22.34;176.66666666666643;141.8;27.0;0.0;3.866981554268694;0.225927972273846;0.0;0.373831775700934;0.0;0.175438596491228;0.0;0.0;0.0;0.0;0.0;0.0;0.0;11.275846140447424;0.0;0.0431965442764578;0.0;0.0;0.0;0.0;0.0;0.175438596491228;0.0465116279069768;0.0;4.918162113960894;0.0;0.0;0.0;0.0;0.0;0.0;0.0;0.6791101265142356;0.0;0.0930232558139534;0.0;0.0;0.0;0.0;0.0;0.0;0.0;0.0897081721834346;0.0;0.0;0.0;0.0;0.0;0.0;0.27575468381134177;28.233375324414624;0.0;0.0;0.0431965442764578;0.404040404040404;0.0;0.0;0.0;0.0;0.0;0.0;0.0;0.0;0.0;0.0;0.0;0.0;0.0431965442764578;0.0;0.0;4.811278704762204;0.39937769482725316;0.0;0.8060482211606675;1.747401694269016;0.0;0.0;0.13621980009041118;0.0;0.0;0.0;0.0;0.0;0.0;0.186046511627907;0.0;0.0;0.4668550315148874;0.0;0.0;0.0;0.087719298245614;0.0;0.0;0.0;0.0;0.0;0.0;0.1309158425220718;1.1941535742012122;0.0;0.0;0.0;0.0;0.0;0.0;0.0;0.0;0.0;0.30834331295112055;4.55962847978479;0.0;0.0;0.0;0.0;0.0;0.3960626111967346;0.0;0.31696235414997875;0.0;0.0;0.0;0.808080808080808;0.0;1.0838354918921498;0.9011040638947614;0.0;0.0;1.7065110367002396;0.404040404040404;0.0465116279069768;0.0;0.0;0.803395801775272;0.0;2.3045320322298997;0.0;1.7722849491502122;0.373831775700934;0.0;0.76221042852902;0.0;3.169683900249216;0.0;0.0
4;Rigual_Hernandez_2015a;54S;54S-1;PFZ;-53.75;141.75;800;0.9128839425672721;4.391313910887754;72.57142857142857;149.40476190476193;142.53571428571428;675.0595238095236;0.047948822859018615;0.0;0.04931319247299878;0.0;0.0;0.0;0.0;0.0;0.0;0.0;0.5235907546441052;0.04666868202520718;0.040209905225417356;0.0;2.1143619301438967;0.0;0.3686546744283818;0.0;0.0;0.0;0.0;0.0;0.14129100309542572;0.008721437292865857;0.0;0.1538292190041966;0.008210180623973714;0.0;0.0;0.0;0.0;0.0;0.0;0.0;0.0;0.007655795437145929;0.0;0.0;0.0;0.0;0.0;0.0;0.0;0.0;0.3573279160464208;0.0;0.0;0.0;0.015785319652722965;0.026164311878597607;0.0;77.94022370535001;0.008364001338240215;0.0;1.141174677910594;0.40458023302383966;0.008710801393728214;0.14201755362039653;0.0;0.02281715249201089;0.0;0.0;0.017442874585731714;0.04147590275288947;0.0;0.0;0.0;0.0;0.08225829035059631;2.2864168389050477;0.0;0.007456009543692214;0.0;0.0;0.0;0.015915528135146465;0.0;0.0;0.016019796775386144;0.0;0.0;0.0;0.0;0.0;0.0;0.04174688387767172;0.0;0.008721437292865857;0.008658008658008642;0.008043758043758035;0.0;0.0;0.0;0.0;0.04942920062215371;0.8070241010789222;0.0;0.0;0.0;0.0;0.008796622097114714;0.0;0.02480738240089036;0.0;0.007655795437145929;0.0;0.0247937050237225;0.0;0.0;0.0;0.11402102163658177;0.023629370030874394;0.0;0.0;0.0;0.0;0.0;0.0;0.0;0.0;0.0;0.0;0.0;0.3609069356534405;0.24064954341715455;1.181683577775462;0.0;0.0;0.0;0.025104137161804246;0.0;2.023635861077883;0.30191112402922354;0.026048726565077677;3.8730949773243144;0.0;0.0;0.13081636304571118;0.15843178435153327;1.4554509239863902;0.0;0.0;0.21853310177164262;0.49330431777289235;0.0;0.04180795176942536
5;Rigual_Hernandez_2015a;54S;54S-1;PFZ;-53.75;141.75;800;0.9736369723350148;3.935203145740124;246.68421052631578;603.070175438597;483.2894736842105;2403.5526315789475;0.024055922239990656;0.0;0.024509016861658104;0.0;0.0;0.0;0.0;0.0;0.0;0.0;0.4677891795170431;0.2977985525896481;0.09316256624579322;0.0;0.7263888555360919;0.0;0.3913974020495106;0.21143595879462676;0.0;0.0;0.0;0.0;0.6647495008437341;0.035125193985705946;0.0;1.3891481256251528;0.17094150174387485;0.0;0.0;0.0;0.0;0.0;0.0;0.0;0.0;0.07639472705468704;0.0;0.0;0.0;0.0;0.0;0.0;0.0;0.0;0.24097370513490574;0.0;0.0;0.0;0.018170139648503603;0.10149318244354825;0.0;53.34154226087552;0.0;0.0;3.535122642289202;3.1180165382241767;0.036688890116311004;0.14454749442055304;0.0;0.005708414202534527;0.0;0.0;0.011529371072807973;0.17000600368916452;0.0;0.0;0.0;0.0;0.48646882193587093;4.274684621126033;0.0;0.024257846858353423;0.0;0.0;0.0057458055619397895;0.08780632598087708;0.0;0.0;0.017324477588909867;0.0;0.0;0.0;0.0;0.0;0.0;0.09715127796941463;0.0;0.029678236310981182;0.0;0.013220094743182446;0.0;0.02360420073363234;0.0;0.0;5.821698115447633;10.396081538311707;0.0;0.0;0.0;0.006505757595472;0.011419461338311343;0.0;0.01760707931171808;0.0;0.005974072525240448;0.0;0.006134216660532448;0.0;0.0;0.0;0.05943684578159812;0.0;0.0;0.0;0.0;0.0;0.0;0.0;0.0;0.0;0.0;0.0;0.0;0.6073586534909766;0.27918144349838037;0.8863648850653366;0.0;0.0;0.0;0.04853489562985294;0.0;4.419950554413375;0.8703094373977583;0.0;2.070565682224583;0.0;0.0;0.10342204676146914;0.30823463025224307;0.44225248694954855;0.0;0.0;0.37633110756042665;0.3435557696777282;0.0;0.024694238247783187
6;Rigual_Hernandez_2015a;54S;54S-1;PFZ;-53.75;141.75;800;1.3805717443434802;3.8356652720582347;52.91363636363637;158.3333333333333;171.8181818181818;427.2727272727274;0.0;0.0;0.0741294350104519;0.0;0.0;0.0;0.0;0.0;0.0;0.0;0.9972123427708873;0.042082601031679684;0.1058786638858305;0.0;1.3108217838438334;0.0;1.948907019828249;0.0;0.0;0.0;0.0;0.0;0.19020024050275613;0.034146355397047135;0.0;0.37118045379443054;0.010809642200843137;0.0;0.0;0.0;0.0;0.0;0.0;0.0;0.0;0.07334560260325759;0.0;0.0;0.0;0.0;0.0;0.0;0.0;0.0;0.3709013524273787;0.0;0.0;0.0;0.012487512487512502;0.010203040506070819;0.0;73.72053099512715;0.0;0.0;0.1438405687417545;0.7608953279956537;0.023245984784446318;0.010203040506070819;0.0;0.010425354462051726;0.0;0.0;0.0;0.0;0.0;0.0;0.0;0.0;0.15474214898613614;1.0686794228284713;0.0;0.010900370612600819;0.0;0.0;0.0;0.06679921611024105;0.0;0.0;0.009579461634256136;0.0;0.0;0.0;0.0;0.0;0.0;0.06261463462655381;0.0;0.0;0.35254545386306596;0.15110989082989162;0.0;0.010272213662044182;0.0;0.0;3.9245818007015187;3.2921225815184076;0.0;0.0;0.0;0.01010101010101009;0.04257062395625486;0.0;0.010758472296933818;0.0;0.01010101010101009;0.0;0.14973585130442146;0.0;0.0;0.0;0.12406516266579541;0.010425354462051726;0.0;0.0;0.0;0.0;0.0;0.0;0.0;0.0;0.0;0.0;0.0;0.4431181231597583;0.3092733135154611;1.2690733246119423;0.0;0.0;0.0;0.0;0.0;0.9874890865858067;0.2127592611250697;0.0;2.2346627508647265;0.0;0.0;0.03208419737158636;0.5080412655860069;0.5921520734214044;0.0;0.0;0.7628291076989476;0.9524281133068797;0.0;0.05916440363938382
7;Rigual_Hernandez_2015a;54S;54S-1;PFZ;-53.75;141.75;800;0.7161605667060215;3.2909327036599767;26.70909090909091;86.36363636363632;50.27272727272727;261.21212121212113;0.03162055335968382;0.0;0.022227161591464727;0.0;0.0;0.0;0.0;0.0;0.0;0.0;0.7116261731598317;0.021340162185232634;0.09985494106576427;0.0;2.390226395986169;0.0;0.7458948536107394;0.0;0.0;0.0;0.0;0.0;0.05749741994610718;0.0;0.0;0.32982708019870327;0.01763512917732118;0.0;0.0;0.0;0.0;0.0;0.0;0.0;0.0;0.03527025835464245;0.0;0.0;0.0;0.0;0.0;0.0;0.0;0.0;0.6649119028655895;0.0;0.0;0.0;0.0;0.0;0.0;83.08469238241196;0.022227161591464727;0.0;0.0;0.1022965753659761;0.0;0.08630212648439654;0.0;0.0;0.0;0.0;0.0;0.0;0.0;0.0;0.0;0.0;0.08256246725914819;0.37028435913750607;0.0;0.0;0.0;0.0;0.0;0.0;0.0;0.0;0.021019442984760908;0.0;0.0;0.0;0.0;0.0;0.0;0.07392483051672455;0.0;0.043706293706293725;0.2941353048887762;0.19181683371227176;0.0;0.0;0.0;0.0;0.5639630935644419;0.4470761582775422;0.0;0.0;0.0;0.01763512917732118;0.14541919482265855;0.0;0.11592981556203928;0.0;0.0;0.0;0.02049810392538691;0.0;0.0;0.0;0.157961695235315;0.052688708842671274;0.0;0.0;0.0;0.0;0.0;0.0;0.0;0.03162055335968382;0.0;0.0;0.0;0.31345041433683307;0.153631809677653;1.1764777108817535;0.0;0.0;0.0;0.042725265516851636;0.0;0.7073415675435153;0.08315826330532208;0.021340162185232634;2.071502789563999;0.0;0.0;0.0;0.3237805576913218;1.0447161737759403;0.0;0.03162055335968382;0.40777188066437176;0.7627209037327046;0.0;0.044558986652895455
8;Rigual_Hernandez_2015b;61S;61S-1;POOZ;-60.73;139.9;2000;0.3794057196416022;12.544694380727972;42.37;45.5632561795056;17.28696;571.577123762713;0.188679245283019;0.0;0.0;0.0;0.0;0.0;0.0;0.0;0.0;0.0;0.188679245283019;0.0;0.0;0.0;1.32075471698113;0.0;0.0;0.0;0.0;0.0;0.0;0.0;0.0;0.0;0.0;0.0;0.0;0.0;0.0;0.0;0.0;0.0;0.0;0.0;0.0;0.0;0.0;0.0;0.0;0.0;0.0;1.13207547169811;0.0;0.0;0.188679245283019;0.0;0.0;0.0;0.0;0.0;0.0;94.5283018867925;0.0;0.0;0.0;0.0;0.0;0.566037735849057;0.0;0.0;0.0;0.0;0.0;0.0;0.0;0.0;0.0;0.0;0.0;0.0;0.0;0.0;0.0;0.0;0.0;0.0;0.0;0.0;0.0;0.0;0.0;0.0;0.0;0.0;0.0;0.0;0.0;0.0;0.0;0.0;0.0;0.0;0.0;0.0;0.0;0.0;0.0;0.0;0.0;0.0;0.0;0.0;0.0;0.0;0.0;0.0;0.0;0.0;0.0;0.0;0.0;0.0;0.0;0.0;0.0;0.0;0.0;0.0;0.0;0.0;0.0;0.0;0.0;0.0;0.0;0.0;0.0;0.0;0.0;0.0;0.0;0.188679245283019;0.0;0.0;0.0;0.0;0.188679245283019;0.0;0.0;0.943396226415094;0.0;0.0;0.0;0.0;0.0;0.0
9;Rigual_Hernandez_2015b;61S;61S-1;POOZ;-60.73;139.9;2000;0.8347290274749785;9.880311241394109;619.093831168832;833.3842322553651;575.4690634917696;7690.783772509454;0.017860332202179;0.0;0.0;0.0;0.0;0.0;0.019677292404565092;0.0;0.0;0.0;0.25775208807565675;0.3939088643054149;0.3586813478792431;0.020337604230221636;0.5549130891021256;0.0;0.46582498417215956;0.05725007514556545;0.0;0.0;0.0;0.0;0.344028140154214;0.0;0.0;1.2409405392701187;0.0;0.0;0.0;0.0;0.0;0.0;0.0;0.0;0.01643925694558609;0.0;0.0;0.0;0.0;0.0;0.0;12.517115745852708;0.0;0.0;0.12908728890007456;0.0;0.0;0.0;1.5474674666758916;0.4897350415008258;0.0;51.62116570890543;0.05725007514556545;0.0;6.080033577652679;1.9590933928047205;0.18387456263736313;2.728909975147391;0.0;0.03651359905390327;0.0;0.0;0.0;0.019280825219319366;0.0;0.0;0.0;0.0;0.10747328007730829;0.8439833310997004;0.0;0.0;0.0;0.0;0.0;0.15202914469498674;0.0;0.0;0.0;0.0;0.0;0.0;0.0;0.0;0.05779456268115682;0.0;0.05405330542826491;0.0;0.0;0.0;0.0;0.0;0.0;0.0;0.01820001820001818;0.0;0.0;0.0;1.2529838470601982;0.0;0.0;0.0;0.0;0.0;0.0;0.0;0.0;0.0;0.0;0.0;0.16084406501533674;0.0;0.0;0.0;0.0;0.0;0.0;0.0;0.0;0.0;0.0;0.0;0.0;0.07244660742785645;0.0;0.0;0.0;0.0;0.0;0.0;0.0;7.792416544061498;1.2847708251412446;0.08937197727940736;5.149066647838556;0.01820001820001818;0.20356251861825225;0.017860332202179;0.01820001820001818;0.22205885636370046;0.0;0.0;0.10524540017332208;0.17468881146299245;0.0;0.0
10;Rigual_Hernandez_2015b;61S;61S-1;POOZ;-60.73;139.9;2000;0.3657434206465087;16.154971276596644;303.0092619047619;269.03533775650317;89.24348011904755;4148.707084664205;0.0;0.0;0.0;0.0;0.0;0.0;0.0;0.0;0.0;0.0;0.03728560775540633;0.14035827989316366;0.21118528165508033;0.0;0.6604468870374078;0.0;0.061084081702638494;0.0;0.0;0.0;0.0;0.0;0.0;0.0;0.0;0.03728560775540633;0.0;0.0;0.0;0.0;0.0;0.0;0.0;0.0;0.0;0.0;0.0;0.0;0.0;0.0;0.0;7.759762013947198;0.0;0.0;0.206168299191555;0.0;0.0;0.0;0.20032658792657118;0.0;0.0;77.80448626598859;0.0;0.0;0.07575757575757583;0.7242587128029759;0.058180078798635494;2.5708911636762766;0.0;0.07575757575757583;0.0;0.0;0.0;0.0;0.0;0.0;0.0;0.0;0.0;0.3003875968992247;0.0;0.0;0.0;0.0;0.0;0.058180078798635494;0.0;0.0;0.0;0.0;0.0;0.0;0.0;0.0;0.0;0.0;0.0;0.0;0.0;0.0;0.0;0.0;0.0;0.0;0.03787878787878783;0.0;0.0;0.0;0.5908276373392657;0.0;0.0;0.0;0.0;0.0;0.0;0.0;0.0;0.0;0.0;0.0;0.03174603174603167;0.0;0.0;0.0;0.0;0.0;0.0;0.0;0.0;0.0;0.0;0.0;0.0;0.072521689503116;0.0;0.0;0.0;0.0;0.0;0.0;0.0;2.9591344259060315;0.0;0.0;3.476400555298635;0.0;0.1579902922506615;0.03174603174603167;0.03523608174770967;0.4902279636417879;0.0;0.0;0.03174603174603167;0.26428109172055536;0.0;0.0
11;Rigual_Hernandez_2015b;61S;61S-1;POOZ;-60.73;139.9;2000;0.36417136454146004;12.934509393778741;60.51020683020685;62.8027016575374;22.371033689273652;792.526982116416;0.0;0.0;0.0;0.0;0.0;0.0;0.0;0.0;0.0;0.0;0.106269925611052;0.0;0.0;0.0;0.6473019246664304;0.0;0.0;0.0;0.0;0.0;0.0;0.0;0.0;0.0;0.0;0.0;0.0;0.0;0.0;0.0;0.0;0.0;0.0;0.0;0.0;0.0;0.0;0.0;0.0;0.0;0.0;2.584366513165665;0.0;0.0;0.111111111111111;0.0;0.0;0.0;0.0;0.0;0.0;86.4065415043098;0.0;0.0;0.0;0.111111111111111;0.0;1.30912740583304;0.0;0.0;0.0;0.0;0.0;0.0;0.0;0.0;0.0;0.0;0.0;0.0;0.0;0.0;0.0;0.0;0.0;0.0;0.0;0.0;0.0;0.0;0.0;0.0;0.0;0.0;0.0;0.0;0.0;0.0;0.0;0.0;0.0;0.0;0.0;0.0;0.0;0.0;0.0;0.0;0.0;0.0;0.0;0.0;0.0;0.0;0.0;0.0;0.0;0.0;0.0;0.0;0.111111111111111;0.0;0.0;0.0;0.0;0.0;0.0;0.0;0.0;0.0;0.0;0.0;0.0;0.111111111111111;0.0;0.0;0.0;0.0;0.0;0.0;0.0;0.5361908135553195;0.0;0.0;6.19293895383162;0.0;0.0;0.106269925611052;0.0;1.0772228126106986;0.0;0.0;0.212539851222104;0.270515999527689;0.0;0.0
12;Honjo_2000_Grigorov_2014;MS2;MS2-1;PFZ;-56.9;-170.17;982;0.7136423760312752;0.8655988125571209;81.5;432.5;368.6666666666667;462.8333333333333;0.0;0.0;0.150375939849624;0.0;0.0;0.0;0.0;0.0;0.0;0.0;0.33207653279540317;0.0;0.18102930089451283;0.0;2.4486561100115147;0.0;0.0;0.0;0.7110703588238882;0.0;0.0;0.0;0.0;0.0;0.0;0.7869178639045479;0.0;0.0;0.0;0.0;0.0;0.0;0.0;0.0;0.0;0.0;0.0;0.0;0.0;0.0;0.0;3.3413361357241516;0.0;0.0;0.0;0.0;0.0;0.0;0.0;0.0;0.0;43.36307616225985;0.0;0.0;0.7582210607820365;0.898141550158788;0.4676809910956252;1.1078925963883541;0.0;0.0;0.0;0.0;0.0;0.0;0.0;0.0;0.0;0.0;0.0;0.0;0.0;9.513596063573077;0.0;0.7389708863951913;0.0;0.0;0.0;0.0;0.0;0.0;0.0;0.0;0.0;0.10293650793650799;0.0;0.0;0.0;0.0;0.4036832916825086;0.0;0.0;0.0;0.0;0.0;0.0;0.33528455284552855;0.0;0.0;0.0;0.0;0.0;0.0;0.0;0.0;0.0;0.0;0.0;0.0;0.24092666334826637;0.14970059880239517;0.0;0.48304751042133337;0.25062656641604003;0.0;0.0;0.0;0.0;0.0;0.0;0.0;0.0;0.0;0.0;5.825817276749149;0.0;0.0;0.0;0.0;0.09398373983739833;0.0;0.0;5.955315102680861;0.0;0.0;4.833873249806491;0.24801587301587333;0.6559525090658588;0.0;2.218334128072655;0.29940119760479;0.0;0.0;0.0;0.36157089783302226;0.0;0.0
13;Honjo_2000_Grigorov_2014;MS2;MS2-1;PFZ;-56.9;-170.17;982;1.1044602591098662;1.8123727661940805;228.85714285714286;809.2857142857143;697.0;1839.2857142857142;0.0;0.041771094402673285;0.15677052714089715;0.0;0.0;0.0;0.0;0.0;0.0;0.0;0.28004707344526547;0.0;0.0;0.0;2.6285819242717534;0.0;0.3913894324853229;0.0;0.4517825450735316;0.0;0.0;0.0;0.0;0.0;0.0;0.281082650832998;0.0;0.0;0.0;0.0;0.0;0.0;0.0;0.0;0.01812907904278457;0.0;0.0;0.0;0.0;0.0;0.0;4.869575750041958;0.0;0.0;0.0;0.0;0.0;0.0;0.16106561007626458;0.041771094402673285;0.0;47.45450880075915;0.0;0.0;0.6552398285403535;0.29271041689452587;0.076670362571324;1.8643087052574532;0.0;0.0;0.0;0.057931497178274;0.0;0.0;0.0;0.0;0.0;0.0;0.0;0.0;0.754050296315209;10.554248922974365;0.0;1.34595413717638;0.0;0.0;0.0;0.0;0.0;0.0;0.0;0.0;0.0;0.0;0.0;0.0;0.0;0.0;0.6861789661212315;0.0;0.0;0.0;0.0;0.0;1.947101071077151;3.391035050939771;0.0;0.0;0.0;0.0;0.0;0.0;0.0;0.0;0.0;0.0;0.0;0.0;0.48857544218459126;0.5518958892759425;0.0;0.12531328320802;0.0;0.0;0.0;0.0;0.0;0.0;0.0;0.0;0.0;0.0;0.0;6.763555446826119;0.0;0.0;0.0;0.349799212367365;0.13869625520110956;0.0;0.0;3.988417661053248;0.0;0.040412204485754714;3.9480753935477706;0.0;0.26529686348825354;0.0;1.9901082856054344;0.076670362571324;0.0;0.0;0.0;0.35538430505893714;0.0;0.0
14;Honjo_2000_Grigorov_2014;MS2;MS2-1;PFZ;-56.9;-170.17;982;0.8399583158525104;0.587981440183999;32.6;189.6;165.0;122.4;0.0;0.0605143721633888;0.562570309166376;0.0;0.0;0.0;0.0;0.0;0.0;0.0;0.0;0.0;0.0;0.0;2.4899770637880945;0.0;0.0;0.0;0.5323970587218528;0.0;0.0;0.0;0.0;0.0;0.0;0.0;0.0;0.0;0.0;0.0;0.0;0.0;0.0;0.0;0.0;0.0;0.0;0.0;0.0;0.0;0.0;3.7572626315174382;0.0;0.0;0.0;0.0;0.0;0.0;0.0;0.0605143721633888;0.0;72.82181579982011;0.0;0.0;0.0;0.062402496099843996;0.0;0.25039368921695637;0.0;0.0;0.0;0.0313971742543172;0.0;0.0;0.0;0.0;0.0;0.0;0.0;0.0;0.0;1.8136494487643229;0.0;0.12480499219968799;0.0;0.0;0.0;0.0;0.0;0.0;0.0;0.0;0.0;0.0;0.0;0.0;0.0;0.0;1.0633389843135883;0.0;0.0;0.0;0.0;0.0;0.7487415734428844;0.24811371287171102;0.0;0.0;0.0;0.0;0.0;0.0;0.0;0.0;0.0;0.0;0.0;0.0;0.1268969126111984;0.247823018014103;0.0;0.1210287443267776;0.0;0.0;0.0;0.0;0.0;0.0;0.0;0.0;0.0;0.0;0.0;5.29964119537683;0.0;0.0;0.0;0.24912975223534223;0.0;0.0;0.0;1.9371065683452258;0.0;0.0605143721633888;4.233281327140042;0.0605143721633888;0.0;0.0;2.0050880192445724;0.2544194935499284;0.0;0.0;0.0;0.7454612982753286;0.0;0.031201248049921998
15;Honjo_2000_Grigorov_2014;MS2;MS2-1;PFZ;-56.9;-170.17;982;0.61;1.25625;5.5;33.0;22.0;32.0;0.0;0.0;0.148367952522255;0.0;0.0;0.0;0.0;0.0;0.0;0.0;0.0;0.0;0.278551532033426;0.0;4.826297909623665;0.0;0.0;0.0;0.0;0.0;0.0;0.0;0.0;0.0;0.0;2.068059148806033;0.0;0.0;0.0;0.0;0.0;0.0;0.0;0.0;0.0;0.0;0.0;0.0;0.0;0.0;0.0;1.0022069216336154;0.0;0.0;0.0;0.0;0.0;0.0;0.278551532033426;0.0;0.0;70.15159154591964;0.0;0.0;0.278551532033426;0.0;0.0;0.0;0.0;0.0;0.0;0.0;0.0;0.0;0.0;0.0;0.0;0.0;0.0;0.0;0.148367952522255;0.2967359050445105;0.0;0.0;0.0;0.0;0.0;0.0;0.0;0.0;0.0;0.0;0.0;0.0;0.0;0.0;0.0;0.0;0.42691948455568096;0.0;0.0;0.0;0.0;0.0;0.0;0.0;0.0;0.0;0.0;0.0;0.0;0.0;0.0;0.0;0.0;0.0;0.0;0.0;0.0;0.148367952522255;0.0;0.7054710165891049;0.0;0.0;0.0;0.0;0.0;0.0;0.0;0.0;0.0;0.0;0.0;8.665680302191241;0.0;0.0;0.0;1.4109420331782154;0.0;0.0;0.0;2.0498747757949447;0.0;0.0;4.063380805567725;0.0;0.0;0.0;1.613863104733721;0.0;0.0;0.0;0.0;1.1414826876503306;0.0;0.0
16;Honjo_2000_Grigorov_2014;MS3;MS3-1;POOZ;-60.28;-170.05;1003;0.3392857142857143;0.8035714285714286;9.0;56.0;19.0;45.0;0.0;0.0;0.0;0.0;0.0;0.0;0.0;0.0;0.0;0.0;0.0;0.0;0.618238021638331;0.0;2.47295208655332;0.0;0.0;0.0;0.309119010819165;0.0;0.0;0.0;0.0;0.0;0.0;0.0;0.0;0.0;0.0;0.0;0.0;0.0;0.0;0.0;0.0;0.0;0.0;0.0;0.0;0.0;0.0;3.09119010819165;0.0;0.0;0.0;0.0;0.0;0.0;0.309119010819165;0.0;0.0;66.1514683153014;0.0;0.0;0.0;0.618238021638331;0.309119010819165;0.309119010819165;0.0;0.0;0.0;0.0;0.0;0.0;0.0;0.0;0.0;0.0;0.0;0.0;0.0;0.309119010819165;0.0;0.309119010819165;0.0;0.0;0.0;0.0;0.0;0.0;0.0;0.0;0.0;0.0;0.0;0.0;0.0;0.0;0.0;0.0;0.0;0.0;0.0;0.0;0.0;0.0;0.0;0.0;0.0;0.0;0.0;0.0;0.0;0.0;0.0;0.0;0.0;0.0;0.0;0.0;0.0;0.0;0.0;0.0;0.0;0.0;0.0;0.0;0.0;0.0;0.0;0.0;0.0;10.2009273570325;0.0;0.0;0.0;0.0;0.0;0.0;0.0;2.78207109737249;0.0;0.0;8.0370942812983;0.927357032457496;0.0;0.0;1.23647604327666;0.309119010819165;0.0;0.0;0.0;0.772797527047914;0.0;0.0
17;Honjo_2000_Grigorov_2014;MS3;MS3-1;POOZ;-60.28;-170.05;1003;0.6800121492546288;2.3940142299196374;314.3333333333333;1027.8333333333333;679.3333333333334;2466.5;0.09496676163342833;0.0;0.0;0.0;0.0;0.0;0.0;0.0;0.0;0.0;0.5134979598627346;0.0;0.0;0.0;0.39258922418695885;0.0;0.0;0.0;0.23518051687065766;0.0;0.0;0.183402109124255;0.0;0.0;0.0;7.19550643432434;0.0;0.0;0.0;0.0;0.0;0.0;0.0;0.0;0.16601503055827732;0.0;0.0;0.0;0.0;0.0;0.0;2.3683117904722133;0.0;0.0;0.0;0.0;0.0;0.0;1.997554596800352;10.100399380364125;0.0;43.5236791480447;0.0;0.0;2.33590810081964;1.0759577561681388;0.2983942206849722;1.6807088193080084;0.0;0.0;0.0;0.0;0.0;0.0;0.0;0.0;0.0;0.0;0.0;0.0;2.3204433849850834;0.3067548180029875;0.0;0.3653384710015373;0.0;0.0;0.0;0.0;0.0;0.0;0.0;0.0;0.0;0.08325058125854934;0.09960159362549799;0.0;0.0;0.0;0.0;0.0;0.0;0.0;0.0;0.0;1.85145560311563;5.234893682906969;0.0;0.0;0.0;0.0;0.0;0.0;0.0;0.0;0.0;0.0;0.0;0.0;0.12016450327721366;0.16136782405042702;0.0;0.0;0.0;0.0;0.0;0.0;0.0;0.0;0.0;0.0;0.0;0.0;0.0;6.384123818855479;0.0;0.0;0.0;0.04585052728106367;0.0;0.0;0.0;6.823088526469512;0.0;0.20397064695111033;0.9019935354822018;0.4816569557605417;0.0;0.0;1.0719848384666923;0.050050050050050005;0.0;0.0;0.0;0.9192840437070791;0.0;0.0
18;Honjo_2000_Grigorov_2014;MS3;MS3-1;POOZ;-60.28;-170.05;1003;0.661438081313964;2.2210766167916134;183.5;679.5;470.0;1468.0;0.0;0.0;0.0;0.0;0.0;0.0;0.0;0.0;0.0;0.0;0.0;0.0;0.0;0.0;0.735269303455725;0.0;0.0;0.0;0.2056476106911445;0.0;0.0;0.0;0.0;0.0;0.0;1.3775226106911445;0.0;0.0;0.0;0.0;0.0;0.0;0.0;0.0;0.0;0.0;0.0;0.0;0.0;0.0;0.0;2.24714835313175;0.0;0.0;0.0;0.0;0.0;0.0;0.7915851106911445;1.3671875;0.0;75.0050620950324;0.0;0.0;0.1953125;0.0;0.09765625;1.202880332073434;0.0;0.0;0.0;0.0;0.0;0.0;0.0;0.0;0.0;0.0;0.0;0.0;1.26953125;0.323974082073434;0.0;0.09765625;0.0;0.0;0.0;0.0;0.0;0.0;0.0;0.0;0.0;0.0;0.09765625;0.0;0.0;0.0;0.0;0.0;0.0;0.0;0.0;0.0;0.09765625;1.3775226106911445;0.0;0.0;0.0;0.0;0.0;0.0;0.0;0.0;0.0;0.0;0.0;0.0;0.0;0.1079913606911445;0.0;0.0;0.0;0.0;0.0;0.0;0.0;0.0;0.0;0.0;0.0;0.0;0.0;1.8508284962202999;0.0;0.0;0.0;0.1079913606911445;0.0;0.0;0.0;9.73208862041037;0.0;0.0;0.323974082073434;0.390625;0.0;0.0;0.1953125;0.0;0.0;0.0;0.0;0.8019202213822895;0.0;0.0
19;Honjo_2000_Grigorov_2014;MS3;MS3-1;POOZ;-60.28;-170.05;1003;0.5510589768654285;2.0859780601716085;26.333333333333332;105.33333333333333;61.666666666666664;245.0;0.0;0.0;0.0;0.0;0.0;0.0;0.0;0.0;0.0;0.0;0.0;0.0;0.0;0.0;1.2905875866708874;0.0;0.0;0.0;0.21553579236948198;0.0;0.0;0.0;0.0;0.0;0.0;0.369427923232571;0.0;0.0;0.0;0.0;0.0;0.0;0.0;0.0;0.0;0.0;0.0;0.0;0.0;0.0;0.0;1.2437619193190503;0.0;0.0;0.0;0.0;0.0;0.0;0.5123150699311894;0.11947431302270001;0.0;81.9857145086239;0.0;0.0;0.08865248226950367;0.0;0.21553579236948198;0.7314468493878626;0.0;0.0;0.0;0.0;0.0;0.0;0.0;0.0;0.0;0.0;0.0;0.0;0.08865248226950367;0.0;0.0;0.08865248226950367;0.0;0.0;0.0;0.0;0.0;0.0;0.0;0.0;0.0;0.0;0.0;0.0;0.0;0.0;0.0;0.0;0.0;0.0;0.0;0.0;0.20812679529220368;0.3041882746389857;0.0;0.0;0.0;0.0;0.0;0.0;0.0;0.0;0.0;0.0;0.0;0.0;0.0;0.38424591738712666;0.0;0.0;0.0;0.0;0.0;0.0;0.0;0.0;0.0;0.0;0.0;0.0;0.0;1.6638285198935432;0.0;0.0;0.0;0.0;0.0;0.0;0.0;7.429556563420906;0.0;0.0;0.17730496453900702;1.0282261269495694;0.0;0.0;1.1737404411941934;0.0;0.0;0.0;0.0;0.6810251949488336;0.0;0.0
20;Honjo_2000_Grigorov_2014;MS4;MS4-1;SIZ;-63.15;-169.9;1031;0.11229946524064172;1.3703208556149733;6.0;39.0;4.5;55.0;0.0;0.0;0.093984962406015;0.0;0.0;0.0;0.0;0.0;0.0;0.0;0.657894736842105;0.093984962406015;0.0;0.0;0.630252100840335;0.0;0.0;0.0;0.281954887218045;0.0;0.0;0.0;0.0;0.0;0.0;0.0;0.0;0.0;0.0;0.0;0.0;0.0;0.0;0.0;0.0;0.0;0.0;0.0;0.0;0.0;0.0;4.196152145068555;0.0;0.0;0.0;0.0;0.0;0.0;2.2058823529411757;0.39805395842547553;0.0;71.5280849181778;0.2100840336134455;0.0;0.0;1.542459088898715;1.2383900928792548;7.48009730207875;0.0;0.0;0.0;0.0;0.0;0.0;0.0;0.0;0.0;0.0;0.0;0.0;0.0;0.0;0.0;0.0;0.0;0.0;0.0;0.0;0.0;0.0;0.0;0.0;0.0;0.0;0.0;0.0;0.0;0.0;0.0;0.0;0.0;0.0;0.0;0.0;0.0;0.18796992481203;0.0;0.0;0.0;0.0;0.0;0.0;0.0;0.0;0.0;0.0;0.0;0.0;0.0;0.0;0.0;0.0;0.0;0.0;0.0;0.0;0.0;0.0;0.0;0.0;0.0;0.0;0.0;0.514153029632906;0.0;0.0;0.0;0.0;0.0;0.0;0.0;3.665413533834585;0.0;1.050420168067225;3.040689960194605;0.0;0.0;0.0;0.0;0.0;0.0;0.0;0.0;0.7739938080495355;0.0;0.0
21;Honjo_2000_Grigorov_2014;MS4;MS4-1;SIZ;-63.15;-169.9;1031;0.5152972991204543;4.803442033313573;433.7142857142857;1027.142857142857;570.5714285714286;4755.857142857143;0.1624225765442467;0.0;0.06245111131376372;0.0;0.15895092390224572;0.0;0.0;0.0;0.0;0.0;0.36947152289624696;0.15010795227225812;0.05671007962036128;0.0;0.14772101243570315;0.0;0.0109974705817662;0.0;0.7213702286848679;0.041955108034403145;0.0;0.0;0.0;0.0;0.0;0.17660052566053705;0.0;0.0;0.0;0.0;0.0;0.0;0.0;0.0;0.041473557296562144;0.0;0.0;0.0;0.0;0.0;0.0;8.942068279104069;0.0;0.0;0.019868865487780715;0.0;0.0;0.0;11.141361404112981;31.38063210457666;0.0;14.667253808739499;0.07415239503533386;0.0;9.30482700082179;2.042534183073456;0.8050707021193674;2.9169250683140775;0.0;0.0;0.0;0.0;0.0;0.0;0.0;0.0;0.0;0.0;0.0;0.0;1.2006380426634295;0.0;0.0;0.0;0.0;0.0;0.0;0.0;0.0;0.0;0.0;0.0;0.0;0.0;0.0;0.03444689613650343;0.0;0.0;0.0;0.0;0.0;0.0;0.0;0.0;0.0;5.8084184902886635;0.0;0.0;0.0;0.0;0.0;0.0;0.0;0.0;0.0;0.0;0.0;0.0;0.36805453670605665;0.1646399536030887;0.0;0.0;0.0;0.0;0.0;0.0;0.0;0.0;0.0;0.0;0.0;0.0;0.0;0.0706040670451082;0.0;0.0;0.0;0.02049600327936057;0.0;0.0;0.0;6.311720059507311;0.0;0.1483799599985633;1.5247245649161942;0.0;0.0;0.0;0.18268613893883143;0.0;0.0;0.0;0.0;0.5308474956838403;0.0;0.06182397352218386
22;Honjo_2000_Grigorov_2014;MS4;MS4-1;SIZ;-63.15;-169.9;1031;0.7344810274036925;5.122439842153334;554.0;1109.3333333333333;722.0;5912.666666666667;0.0330360092500826;0.0;0.0;0.0;0.0;0.0;0.0;0.0;0.0;0.0;0.122549019607843;0.0;0.0;0.0;0.06607201850016534;0.0;0.0;0.0;0.06127450980392166;0.0330360092500826;0.0;0.0;0.0;0.0;0.0;0.122549019607843;0.0;0.0;0.0;0.0;0.0;0.0;0.0;0.0;0.0;0.0;0.0;0.0;0.0;0.0;0.0;7.080593175252102;0.0;0.0;0.0;0.0;0.0;0.0;21.182200170546633;40.34268818974897;0.0;7.793189112556527;0.0;0.0;11.493228583316316;1.343428314755563;0.286822570376545;4.002648495059851;0.0;0.0;0.0;0.0;0.0;0.0;0.0;0.0;0.0;0.0;0.0;0.0;0.2107726668270206;0.0;0.0;0.0;0.0;0.0;0.0;0.0;0.0;0.0;0.0;0.0;0.0;0.0;0.0;0.0;0.0;0.0;0.0;0.0;0.0;0.0;0.0;0.0;0.0;1.1930236622507528;0.0;0.0;0.0;0.0;0.0;0.0;0.0;0.0;0.0;0.0;0.0;0.0;0.0;0.0;0.0;0.0;0.0;0.0;0.0;0.0;0.0;0.0;0.0;0.0;0.0;0.0;0.0;0.06127450980392166;0.0;0.0;0.0;0.0;0.0;0.0;0.0;4.139184249300766;0.0;0.127346528304087;0.09431051905400427;0.0;0.0;0.0;0.0882236472191776;0.0;0.0;0.0;0.0;0.122549019607843;0.0;0.0
23;Honjo_2000_Grigorov_2014;MS4;MS4-1;SIZ;-63.15;-169.9;1031;0.5769230769230769;4.8173076923076925;43.0;104.0;60.0;501.0;0.157232704402516;0.0;0.0;0.0;0.0;0.0;0.0;0.0;0.0;0.0;0.157232704402516;0.0;0.0;0.0;0.471698113207547;0.0;0.0;0.0;0.471698113207547;0.0;0.0;0.0;0.0;0.0;0.0;0.0;0.0;0.0;0.0;0.0;0.0;0.0;0.0;0.0;0.0;0.0;0.0;0.0;0.0;0.0;0.0;10.8490566037736;0.0;0.0;0.0;0.0;0.0;0.0;16.1949685534591;0.471698113207547;0.0;40.5660377358491;0.157232704402516;0.0;0.314465408805032;1.41509433962264;0.786163522012579;12.7358490566038;0.0;0.0;0.0;0.0;0.0;0.0;0.0;0.0;0.0;0.0;0.0;0.0;0.314465408805032;0.0;0.0;0.0;0.0;0.0;0.0;0.0;0.0;0.0;0.0;0.0;0.0;0.0;0.0;0.0;0.0;0.0;0.0;0.0;0.0;0.0;0.0;0.0;0.0;0.471698113207547;0.0;0.0;0.0;0.0;0.0;0.0;0.0;0.0;0.0;0.0;0.0;0.0;0.0;0.0;0.0;0.0;0.0;0.0;0.0;0.0;0.0;0.0;0.0;0.0;0.0;0.0;0.0;0.314465408805032;0.0;0.0;0.0;0.0;0.0;0.0;0.0;12.5786163522013;0.0;0.0;0.943396226415094;0.0;0.0;0.0;0.157232704402516;0.0;0.0;0.0;0.0;0.471698113207547;0.0;0.0
25;Honjo_2000_Grigorov_2014;MS5;MS5-1;SIZ;-66.17;-169.67;937;0.07439778328697298;1.59613800333735;185.66666666666666;1163.8333333333333;45.0;1735.8333333333333;0.10684152604548784;0.0;0.0;0.0;0.0;0.0;0.0;0.0;0.0;0.0;2.3017446198480833;0.0;0.21974848565994168;0.0;0.0;0.0;0.21551724137931003;0.0;0.0;0.0;0.0;0.07183908045977017;0.0;0.0;0.0;0.04655493482309117;0.0;0.0;0.0;0.0;0.0;0.0;0.0;0.0;0.037407455840341164;0.0;0.0;0.0;0.0;0.0;0.0;0.7506864149527619;0.0;0.0;0.0;0.0;0.0;0.0;22.614606687205267;44.70925952535452;0.0;14.869685377132575;0.19492288734534635;0.0;2.0008827471084234;0.8292166778131719;1.0557768441915545;0.2447236477143737;0.0;0.0;0.0;0.0;0.0;0.0;0.0;0.0;0.0;0.0;0.0;0.0;0.32040414755127683;0.04655493482309117;0.0;0.0;0.0;0.0;0.0;0.0;0.0;0.0;0.0;0.0;0.0;0.0;0.0;0.0;0.0;0.0;0.0;0.0;0.0;0.0;0.0;0.0;0.10775862068965518;4.6962297586480535;0.0;0.0;0.0;0.0;0.0;0.0;0.0;0.0;0.0;0.0;0.0;0.07779074290159467;0.0;0.0;0.0;0.0;0.0;0.0;0.0;0.0;0.0;0.0;0.0;0.0;0.0;0.0;0.0;0.2025367342697605;0.0;0.0;0.0;0.035460992907801504;0.035919540229885;0.0;0.0;2.4211211878165604;0.0;0.1474623608634405;0.8453331949690384;0.0;0.0;0.0;0.049455984174085;0.19782393669634;0.0;0.0;0.0;0.16312861403378398;0.0;0.3836050965516135
26;Honjo_2000_Grigorov_2014;MS5;MS5-1;SIZ;-66.17;-169.67;937;0.023182232814218273;1.8933884346424101;76.33333333333333;444.3333333333333;9.666666666666666;808.3333333333334;0.0;0.0;0.0;0.0;0.0;0.0;0.0;0.0;0.0;0.0;1.0704392483923664;0.0;0.23009903910740767;0.0;0.0;0.0;0.24875621890547264;0.0;0.0;0.064977257959714;0.0;0.0;0.0;0.0;0.0;0.0;0.0;0.0;0.0;0.0;0.0;0.0;0.0;0.0;0.0;0.0;0.0;0.0;0.0;0.0;0.0;0.40780502943372804;0.0;0.0;0.0;0.0;0.0;0.0;43.308468892357496;38.28626210099333;0.0;2.9758405067271867;0.0;0.0;3.4694270682865564;0.9017389766315653;0.982510621898857;0.064977257959714;0.0;0.0;0.0;0.064977257959714;0.0;0.0;0.0;0.0;0.0;0.0;0.0;0.0;0.5251753361745294;0.0;0.0;0.0;0.0;0.0;0.0;0.0;0.0;0.0;0.0;0.0;0.0;0.0;0.0;0.0;0.0;0.0;0.0;0.0;0.0;0.0;0.0;0.0;0.0;3.4222421134880032;0.0;0.0;0.0;0.0;0.0;0.0;0.0;0.0;0.0;0.0;0.0;0.0;0.0;0.0;0.0;0.0;0.0;0.0;0.0;0.0;0.0;0.0;0.0;0.0;0.0;0.0;0.0;0.064977257959714;0.0;0.0;0.0;0.21215755743196432;0.5714954143361783;0.0;0.0;2.56697239353237;0.0;0.0;0.16512178114769369;0.0;0.0;0.0;0.08291873963515767;0.14718029947225;0.0;0.0;0.0;0.08291873963515767;0.0;0.08256089057384668
27;Honjo_2000_Grigorov_2014;MS5;MS5-1;SIZ;-66.17;-169.67;937;0.06722689075630252;1.781512605042017;21.0;119.0;8.0;212.0;0.0;0.0;0.0;0.0;0.0;0.0;0.0;0.0;0.0;0.0;4.94186046511628;0.0;0.0;0.0;0.0;0.0;0.0;0.0;0.581395348837209;0.0;0.0;0.0;0.0;0.0;0.0;0.0;0.0;0.0;0.0;0.0;0.0;0.0;0.0;0.0;0.0;0.0;0.0;0.0;0.0;0.0;0.0;7.26744186046512;0.0;0.0;0.0;0.0;0.0;0.0;47.093023255814;11.046511627907;0.0;11.6279069767442;0.290697674418605;0.0;1.45348837209302;2.03488372093023;0.290697674418605;0.0;0.0;0.0;0.0;0.0;0.0;0.0;0.0;0.0;0.0;0.0;0.0;0.0;0.0;0.0;0.0;0.0;0.0;0.0;0.0;0.0;0.0;0.0;0.0;0.0;0.0;0.0;0.0;0.0;0.0;0.0;0.0;0.0;0.0;0.0;0.0;0.0;0.0;6.1046511627907;0.0;0.0;0.0;0.0;0.0;0.0;0.0;0.0;0.0;0.0;0.0;0.0;0.0;0.0;0.0;0.0;0.0;0.0;0.0;0.0;0.0;0.0;0.0;0.0;0.0;0.0;0.0;0.0;0.0;0.0;0.0;0.290697674418605;0.0;0.0;0.0;4.65116279069768;0.0;0.581395348837209;0.290697674418605;0.0;0.0;0.0;0.0;0.290697674418605;0.0;0.0;0.0;0.726744186046512;0.0;0.436046511627907
28;Rembauville_2016_Manno_2018;P2;P2-1;POOZ;-55.02;-41.12;1500;1.195;2.1176679701386423;33.95;135.5;158.265;339.5;0.0;0.0;0.0;0.0;0.0;0.0;0.0;0.0;0.0;0.0;0.5050633018302211;0.7369025599445951;0.1683544339434075;0.0;0.0;0.0;0.1545595054095825;0.0;0.091074681238616;0.0;0.0;0.0;0.463678516228748;0.0;0.0;0.0;0.0;0.0;0.0;0.0;0.0;0.0;0.0;0.0;0.463678516228748;0.3091190108191655;0.0;0.0;0.0;0.0;0.0;1.2281709332409916;0.0;0.0;0.7010075928412776;0.0;0.0;0.0;0.0;0.0;0.0;43.581698352772946;0.0;0.0;0.0;0.0;0.0;0.0;0.0;17.542081570257;0.0;0.0;0.0;0.0;0.0;0.0;0.0;0.0;0.4001936920577815;0.4001936920577815;0.0;0.0;0.0;0.0;0.0;0.0;0.0;0.0;0.0;0.0;0.3091190108191655;0.0;0.0;0.0;0.568548126001188;0.0;0.0;0.0;0.3091190108191655;0.54095826893354;0.0;0.0;0.0;0.0;0.0;0.0;0.0;0.0;7.5870699290264945;0.231839258114374;0.0;0.814182312649387;0.0;0.0;0.0;0.0;0.0;0.0;0.3091190108191655;0.0;0.0;0.0;0.0;0.0;0.0;0.0;0.0;0.0;0.0;0.0;0.0;0.0;0.0;3.8196467935237;0.0;0.0;0.0;0.0;0.0;0.0;0.0;4.9926380126294;0.0;0.0;10.518069948733544;0.0;0.0;0.0;0.0;0.0;0.0;0.0;0.0;0.54095826893354;0.0;0.0
29;Rembauville_2016_Manno_2018;P2;P2-1;POOZ;-55.02;-41.12;1500;1.0999999999999999;1.2608629130966953;27.36666666666667;83.33333333333333;91.66666666666667;117.66666666666667;0.0;0.0;0.0;0.0;0.0;0.0;0.0;0.0;0.0;0.0;0.872375528284404;0.09718172983479068;0.0;0.0;0.0;0.0;0.5830903790087466;0.0;0.289855072463768;0.0;0.0;0.0;0.0;0.0;0.0;0.0;0.0;0.0;0.0;0.0;0.0;0.0;0.0;0.0;0.77745383867833;2.3267212417250565;0.0;0.0;0.0;0.0;0.0;0.19436345966958268;0.0;0.0;0.0;0.0;0.0;0.0;0.0;0.0;0.0;49.70532023296101;0.0;0.0;0.0;0.0;0.0;0.0;0.0;13.952446788335465;0.0;0.0;0.0;0.0;0.0;0.0;0.0;0.0;0.872375528284404;0.3870368022985587;0.0;0.0;0.0;0.0;0.0;0.0;0.0;0.0;0.0;0.0;0.0;0.0;0.0;0.0;0.09718172983479068;0.0;0.0;0.0;0.38872691933916337;0.48590864917395665;0.0;0.0;0.0;0.0;0.0;0.0;0.0;0.0;2.429543245869773;0.2915451895043733;0.0;0.0;0.0;0.0;0.0;0.0;0.0;0.0;0.0;0.0;0.0;0.0;0.0;0.0;0.0;0.0;0.0;0.0;0.0;0.0;0.0;0.0;0.0;12.398698609878734;0.0;0.0;0.0;0.0;0.0;0.0;0.0;10.557276789092066;0.0;0.0;0.9695572581191959;0.0;0.0;0.0;0.0;0.0;0.0;0.0;0.0;0.7740736045971194;0.0;0.0
30;Rembauville_2016_Manno_2018;P2;P2-1;POOZ;-55.02;-41.12;1500;1.25;1.6331320936971745;39.1;153.0;193.85;186.0;0.0;0.0;0.0;0.0;0.0;0.0;0.0;0.0;0.0;0.0;0.3081606156087215;0.091240875912409;0.0;0.0;0.0;0.0;1.55109489051095;0.0;0.4906423674335385;0.0;0.0;0.0;0.1084598698481565;0.0;0.0;0.0;0.0;0.0;0.0;0.0;0.0;0.0;0.0;0.0;0.1824817518248175;0.6903431131941045;0.0;0.0;0.0;0.0;0.0;0.2169197396963125;0.0;0.0;0.1997007457605655;0.0;0.0;0.0;0.0;0.0;0.0;58.54675649571705;0.0;0.0;0.0;0.0;0.0;0.0;0.0;9.060555441202075;0.0;0.0;0.0;0.0;0.0;0.0;0.0;0.0;0.0;0.1824817518248175;0.0;0.0;0.0;0.0;0.0;0.0;0.0;0.0;0.0;0.0;0.0;0.0;0.0;0.0;0.0;0.0;0.0;0.0;0.273722627737226;0.0;0.0;0.0;0.0;0.0;0.0;0.0;0.0;0.0;0.8900438589546691;0.0;0.0;0.0;0.0;0.0;0.0;0.0;0.0;0.0;0.0;0.0;0.0;0.0;0.0;0.0;0.0;0.0;0.0;0.0;0.0;0.0;0.0;0.0;0.0;3.69100020583625;0.0;0.0;0.0;0.0;0.0;0.0;0.0;21.8103298130057;0.0;0.0;1.08974460471523;0.0;0.0;0.0;0.0;0.0;0.0;0.0;0.0;0.0;0.0;0.0
31;Rembauville_2016_Manno_2018;P2;P2-1;POOZ;-55.02;-41.12;1500;1.4;0.2738095238095238;11.95;81.0;113.4;22.0;0.0;0.0;0.0;0.0;0.0;0.0;0.0;0.0;0.0;0.0;0.0;0.0;0.0;0.0;0.0;0.0;0.0;0.0;0.0;0.0;0.0;0.0;0.0;0.0;0.0;0.0;0.0;0.0;0.0;0.0;0.0;0.0;0.0;0.0;0.0;0.0;0.0;0.0;0.0;0.0;0.0;0.0;0.0;0.0;0.76923076923077;0.0;0.0;0.0;0.0;0.0;0.0;70.83333333333334;0.0;0.0;0.0;0.0;0.0;0.0;0.0;6.089743589743585;0.0;0.0;0.0;0.0;0.0;0.0;0.0;0.0;0.3846153846153845;0.0;0.0;0.0;0.0;0.0;0.0;0.0;0.0;0.0;0.0;0.0;0.0;0.0;0.0;0.0;0.0;0.0;0.0;0.0;0.64102564102564;0.0;0.0;0.0;0.0;0.0;0.0;0.0;0.0;0.0;0.0;0.3205128205128205;0.0;0.0;0.0;0.0;0.0;0.0;0.0;0.0;0.3205128205128205;0.76923076923077;0.0;0.0;0.0;0.0;0.0;0.0;0.0;0.0;0.0;0.0;0.0;0.0;0.0;3.076923076923075;0.0;0.0;0.0;0.0;0.0;0.0;0.0;10.769230769230774;0.0;0.0;4.1025641025640995;0.0;0.0;0.0;0.0;0.0;0.0;0.0;0.0;0.0;0.0;0.0
32;Rembauville_2016_Manno_2018;P3;P3-1;POOZ;-52.72;-40.13;2000;1.0;2.6723027375201287;42.46666666666666;97.33333333333333;97.93333333333334;245.66666666666666;0.0;0.0;0.0;0.0;0.0;0.0;0.0;0.0;0.0;0.0;0.42732979237083596;0.35720556604187664;0.289482581101225;0.0;0.0;0.0;0.0;0.0;0.0;0.0;0.0;0.0;0.09569377990430633;0.0;0.0;0.8229219491955183;0.0;0.0;0.0;0.0;0.0;0.0;0.0;0.0;0.03822629969418966;0.07012422632895836;0.0;0.0;0.0;0.0;0.0;0.31239483195060197;0.0;0.0;0.8460902613825626;0.0;0.0;0.0;0.0;0.0;0.0;65.9506577706583;0.0;0.0;0.0;0.0;0.0;0.0;0.0;4.039853621883764;0.0;0.0;0.0;0.0;0.0;0.0;0.0;0.0;0.140248452657917;0.140248452657917;0.0;0.0;0.0;0.0;0.0;0.0;0.0;0.0;0.0;0.0;0.28682527837525434;0.0;0.0;0.0;0.5227675109374773;0.0;0.0;0.0;0.10202215296372734;0.0;0.0;0.0;0.0;0.0;0.0;0.0;0.0;0.0;1.5807032175936098;0.03822629969418966;0.0;0.07645259938837932;0.0;0.0;0.0;0.0;0.0;0.0;0.0;0.16581800623326434;0.0;0.0;0.0;0.0;0.0;0.0;0.0;0.0;0.0;0.0;0.0;0.0;0.0;14.776971677814636;0.0;0.0;0.0;0.3822629969418967;0.0;0.0;0.0;2.8409117562999007;0.0;0.0;2.80564146692228;0.0;0.0;0.0;0.0;0.0;0.0;0.0;0.0;0.191131498470948;0.0;0.0
33;Rembauville_2016_Manno_2018;P3;P3-1;POOZ;-52.72;-40.13;2000;0.8999999999999999;0.9448890846318175;70.26666666666667;379.6666666666667;341.7;338.6666666666667;0.0;0.0;0.0;0.0;0.0;0.0;0.0;0.0;0.0;0.0;0.134408602150538;0.24203101780921266;0.014130281192595733;0.0;0.0;0.0;0.0;0.0;0.0;0.0;0.0;0.0;0.0;0.0;0.0;60.22992240333914;0.0;0.0;0.0;0.0;0.0;0.0;0.0;0.0;1.10933829572824;0.557095936242273;0.0;0.0;0.0;0.0;0.0;0.056521124770383006;0.0;0.0;1.6088196182501235;0.0;0.0;0.0;0.0;0.0;0.0;18.798896361349566;0.0;0.0;0.0;0.0;0.0;0.0;0.0;1.011647429066207;0.0;0.014130281192595733;0.0;0.0;0.0;0.0;0.0;0.0;0.12175269685127033;1.415097631001849;0.0;0.0;0.0;0.0;0.0;0.0;0.0;0.0;0.0;0.0;0.3467725857059623;0.0;0.0;0.0;0.180246550616035;0.0;0.0;0.0;0.014130281192595733;0.09546486346046046;0.014130281192595733;0.0;0.0;0.0;0.0;0.0;0.0;0.0;2.7860873051568227;0.0750066296182309;0.0;0.014130281192595733;0.0;0.0;0.0;0.0;0.0;0.0;0.0;0.0;0.0;0.0;0.0;0.0;0.0;0.0;0.0;0.0;0.0;0.0;0.0;0.0;0.0;7.174974966049554;0.0;0.0;0.0;1.3640252188367235;0.0;0.0;0.0;0.60293388470777;0.0;0.0;0.3146551527665727;0.0;0.0;0.0;0.0;0.0;0.0;0.0;0.09982008711571257;0.34529820981263465;0.0;0.0
34;Rembauville_2016_Manno_2018;P3;P3-1;POOZ;-52.72;-40.13;2000;1.1666666666666667;0.4796561319817134;14.5;102.33333333333333;117.60000000000001;61.0;0.0;0.0;0.0;0.0;0.0;0.0;0.0;0.0;0.0;0.0;0.0;0.14347202295552366;0.284230627037184;0.0;0.0;0.0;0.0;0.0;0.0;0.0;0.0;0.0;0.0;0.8199618293631173;0.0;12.606911436205296;0.0;0.0;0.0;0.0;0.0;0.0;0.0;0.0;0.8759260936365473;0.14347202295552366;0.0;0.0;0.0;0.047824007651841;0.0;0.0;0.0;0.0;1.8999070485010432;0.0;0.0;0.0;0.0;0.0;0.0;51.36222360439814;0.0;0.0;0.0;0.0;0.0;0.0;0.0;2.961873613929463;0.0;0.0;0.0;0.0;0.0;0.0;0.0;0.0;0.0;0.44279660589611264;0.0;0.0;0.0;0.0;0.0;0.0;0.0;0.0;0.0;0.0;0.11074197120708734;0.0;0.0;0.0;0.047824007651841;0.0;0.0;0.0;0.0;0.047824007651841;0.0;0.0;0.0;0.0;0.0;0.0;0.0;0.0;3.1965820928484834;0.047824007651841;0.0;0.0;0.0;0.0;0.0;0.0;0.0;0.0;0.0;0.0;0.0;0.0;0.0;0.0;0.0;0.0;0.0;0.0;0.0;0.0;0.0;0.0;0.0;20.46683628013667;0.0;0.0;0.0;2.05847302735997;0.0;0.0;0.0;0.9334172194440683;0.0;0.0;0.19129603060736566;0.0;0.0;0.0;0.0;0.0;0.0;0.0;0.0;0.047824007651841;0.0;0.0
35;Rembauville_2016_Manno_2018;P3;P3-1;POOZ;-52.72;-40.13;2000;1.15;0.23012422360248447;12.0;58.0;66.1;13.5;0.0;0.0;0.0;0.0;0.0;0.0;0.0;0.0;0.0;0.0;0.3816793893129775;0.0;0.373134328358209;0.0;0.0;0.0;0.0;0.0;0.0;0.0;0.0;0.0;0.0;0.0;0.0;0.0;0.0;0.0;0.0;0.0;0.0;0.0;0.0;0.0;0.0;0.373134328358209;0.0;0.0;0.0;0.0;0.0;0.0;0.0;0.0;2.272986213968325;0.0;0.0;0.0;0.0;0.0;0.0;62.988492651247604;0.0;0.0;0.0;0.0;0.0;0.0;0.0;4.181383160533205;0.0;0.0;0.0;0.0;0.0;0.0;0.0;0.0;0.0;0.0;0.0;0.0;0.0;0.0;0.0;0.0;0.0;0.0;0.0;0.0;0.0;0.0;0.0;0.0;0.0;0.0;0.0;0.0;0.0;0.0;0.0;0.0;0.0;0.0;0.0;0.0;0.0;0.0;0.0;0.0;0.0;0.0;0.0;0.0;0.0;0.0;0.0;0.0;0.0;0.0;0.0;0.0;0.0;0.0;0.0;0.0;0.0;0.0;0.0;0.0;0.0;0.0;0.0;24.1369488435684;0.0;0.0;0.0;1.509627435342375;0.0;0.0;0.0;1.14503816793893;0.0;0.0;0.3816793893129775;0.0;0.0;0.0;0.0;0.0;0.0;0.0;0.0;0.373134328358209;0.0;0.0
36;Piskaln_2004_Rigual-Hernandez_2019;PZB-1;PZB-1-1;SIZ;-62.48;72.98;1400;0.09524139503877056;4.777531490123153;49.2;151.55;10.5;647.8000000000001;0.5863599739147315;0.0;0.113250283125708;0.0;0.0;0.0;0.0;0.0;0.0;0.0;0.9663279398642406;0.0;0.7096645361835355;0.0;0.236554845394512;0.0;0.0;0.0;0.0;0.0;0.0;0.0;0.0;0.0;0.0;0.113250283125708;0.0;0.0;0.0;0.0;0.0;0.0;0.0;0.0;0.0;0.0;0.0;0.0;0.0;0.0;0.0;0.0;0.0;0.0;0.0;0.0;0.0;0.0;4.530011325028315;6.805071266685554;0.0;55.66551647575175;1.275915951812077;0.0;0.3397508493771235;2.0157433254249;2.345439895658925;8.873180629314096;0.113250283125708;0.0;0.0;0.0;0.0;0.0;0.0;0.0;0.0;0.0;0.0;0.0;0.0;0.0;0.0;0.0;0.0;0.0;0.0;0.0;0.0;0.0;0.0;0.0;0.0;0.0;0.113250283125708;0.0;0.0;0.0;0.0;0.0;0.0;0.0;0.0;0.0;0.0;0.1698754246885615;0.1698754246885615;0.0;0.0;0.4530011325028315;0.0;0.0;0.0;0.0;0.0;0.0;0.0;0.0;0.0;0.0;0.0;0.0;0.0;0.0;0.0;0.0;0.0;0.0;0.0;0.0;0.0;0.0;0.0;0.0;0.0;0.0;0.0;0.0;0.0;0.0;0.0;3.002179823575335;5.18409804039307;0.0;5.6069363354666155;0.0;0.0;0.0;0.0;0.246609124537608;0.0;0.0;0.0;0.364886547234864;0.0;0.0
37;Piskaln_2004_Rigual-Hernandez_2019;PZB-1;PZB-1-1;SIZ;-62.48;72.98;1400;0.24197441660597302;3.9893100354306723;172.0;526.12;54.879999999999995;2003.14;0.4712656764772986;0.0;0.0;0.0;0.0;0.0;0.0;0.0;0.0;0.0;0.044593088071349;0.11081825363426301;0.1770434191971768;0.0;0.14405762304921982;0.40133779264214003;0.0;0.0;0.981047937569676;0.0;0.0;0.0;0.0;0.044593088071349;0.0;2.3449572997772536;0.0;0.0;0.0;0.0;0.0;0.0;0.0;0.0;0.0881057268722468;0.0;0.044593088071349;0.0;0.0;0.0;0.0;0.0;0.0;0.0;0.0;0.0;0.0;0.0;10.477236033475833;20.6630790773609;0.0;28.13457356505184;0.5817921892941036;0.0;2.1660503573721064;6.152752243473888;1.3399182931090197;2.18725900956409;0.6859039132862944;0.0;0.0;0.0;0.0;0.2660835641037932;0.0;0.0;0.0882028665931642;0.0;0.17626002360495222;0.176308593465411;0.0;0.0;0.0;0.0;0.0;0.0;0.0;0.0;0.0;0.0;0.0;0.0;0.0882028665931642;0.0;0.0;0.0;0.0;0.0;0.0;0.0441014332965822;0.0;0.13720538382577102;0.0;0.0;0.0;6.68331441386629;1.5558651331568965;0.2670668736533262;0.1764057331863286;0.7742578023216035;0.0;0.1778321276501702;0.0;0.0;0.0;0.0;0.0;0.0;0.0;0.0;0.0926122957544222;0.0;0.0;0.0;0.0;0.0;0.0;0.0920720711191966;0.0;0.0;0.0;0.0;0.0;0.0;0.0;0.0;0.0;0.0926122957544222;0.0;0.0;0.0;1.8219765886919053;5.286163037082245;0.2875699320139818;3.5189961303614465;0.0;0.0;0.0;0.0;0.14405762304921982;0.0;0.0;0.0;0.6665304822181695;0.0;0.1453250532161578
38;Piskaln_2004_Rigual-Hernandez_2019;PZB-1;PZB-1-1;SIZ;-62.48;72.98;1400;0.036583324847042485;3.622463522691042;25.349999999999994;76.45;3.575;305.4;0.176470588235294;0.0;0.0;0.0;0.0;0.0;0.0;0.0;0.0;0.0;0.123915737298637;0.0619578686493185;0.30365939951066373;0.0;0.0589622641509435;0.0;0.0;0.0;0.34060670807418625;0.0;0.0;0.0;0.0;0.0619578686493185;0.0;1.2231625378044688;0.0;0.0;0.0;0.0;0.0;0.0;0.0;0.0;0.2948113207547175;0.0;0.0;0.0;0.0;0.0;0.0;0.0;0.0;0.0;0.0589622641509435;0.0;0.0;0.0;7.227415275282275;3.4791973831742755;0.0;48.62167259463621;0.1967888816141895;0.0;0.49146146762972753;6.362134738724882;1.0610647034670944;2.37880896028741;0.353079911209766;0.0;0.0;0.0;0.0;0.0;0.0;0.0;0.0;0.0;0.0589622641509435;0.0;0.05882352941176475;0.0;0.0;0.0;0.0;0.12092013280026201;0.0;0.0;0.0;0.0;0.0;0.0;0.37312073511030497;0.0;0.0589622641509435;0.0;0.0;0.0;0.0589622641509435;0.0;0.0;0.0;0.0;0.0;0.0;2.3436657844248114;0.2358490566037735;0.0;0.0;1.496588422853026;0.0;0.0;0.0;0.0;0.0;0.0;0.0;0.0;0.0;0.0;0.0589622641509435;0.0;0.0;0.0;0.0;0.0;0.0;0.12092013280026201;0.0;0.0;0.0;0.0;0.07886435331230275;0.0;0.0;0.0;0.0;0.3742809426609772;0.0;0.0;0.0;6.126802545613128;10.803106182407282;0.3404679733350075;2.45705594702022;0.0;0.0;0.0;0.12078139806108325;0.6496567081091115;0.0;0.0;0.0619578686493185;0.6318674853738133;0.0;0.2965423899312932
39;Piskaln_2004_Rigual-Hernandez_2019;PZB-1;PZB-1-1;SIZ;-62.48;72.98;1400;0.09148773671694642;4.113159813230112;51.1;135.2;12.6;646.05;0.1176470588235295;0.0;0.0;0.0;0.0;0.0;0.0;0.0;0.0;0.0;1.0672268907563034;0.0;1.4187675070028;0.0;0.0;0.0;0.0;0.0;0.357142857142857;0.0;0.0;0.0;0.357142857142857;0.0;0.0;1.301120448179272;0.0;0.0;0.0;0.0;0.0;0.0;0.0;0.0;0.0;0.0;0.0;0.0;0.0;0.0;0.0;0.0;0.0;0.0;0.0;0.0;0.0;0.0;5.219887955182075;0.35574229691876746;0.0;57.59943977591035;0.235294117647059;0.0;0.0;3.789915966386555;2.724089635854345;7.217086834733895;0.0;0.0;0.0;0.0;0.0;0.0;0.0;0.0;0.0;0.0;0.0;0.0;0.0;0.0;0.0;0.0;0.0;0.4719887955182075;0.0;0.0;0.0;0.0;0.0;0.0;0.0;0.0;0.0;0.0;0.0;0.0;0.0;0.0;0.119047619047619;0.0;0.0;0.0;0.0;0.2969187675070025;0.0;0.0;0.0;0.4705882352941175;0.0;0.0;0.0;0.0;0.0;0.0;0.0;0.0;0.0;0.0;0.119047619047619;0.0;0.0;0.0;0.0;0.0;0.0;0.0;0.0;0.0;0.0;0.0;0.0;0.0;0.0;0.0;0.0;0.0;0.0;0.0;0.0;5.08963585434174;9.602240896358555;0.2366946778711485;0.945378151260502;0.0;0.0;0.0;0.0;0.354341736694678;0.0;0.0;0.119047619047619;0.35574229691876746;0.0;0.0588235294117645
40;Zuniga_2021;WSC;WSC-1;SIZ;-60.0;-53.0;1000;0.11532124064851086;1.6901940326909324;891.7666666666668;1296.6666666666667;133.33333333333334;2250.0;3.711663595867249;0.0;0.0;0.0;0.0;0.0;0.0;0.0;0.0;0.0;0.0;0.0;0.0;0.0;0.0;0.0;0.0;0.0;0.0;0.0;0.0;0.0;0.0;0.0;0.0;16.144747378159256;0.0;0.0;0.0;0.0;0.0;0.0;0.0;0.0;0.0;2.1416534917945906;0.0;0.0;0.0;0.0;0.0;1.197783747402424;0.0;0.0;0.42972580953316597;0.0;0.0;0.0;4.789238561890566;4.43316835590082;0.0;25.22847242393853;3.0743743614280263;0.0;0.0;5.330500235227716;0.2565207076949963;2.8493967828576134;0.0;0.0;0.0;0.0;0.0;0.0;0.0;0.0;0.0;0.0;0.0;0.0;0.0;0.0;0.0;0.0;0.0;0.0;0.0;0.0;0.0;2.555117139159867;0.0;0.0;0.0;0.0;0.0;0.0;0.0;0.0;0.0;0.0;0.0;0.0;0.0;0.0;0.0;0.897525055815047;0.0;0.0;0.0;0.0;0.0;0.0;0.0;0.0;0.0;0.0;0.0;0.0;0.0;0.0;0.0;0.0;0.0;0.0;0.0;0.0;0.0;0.0;1.8548570812022067;0.0;0.0;0.0;0.0;0.0;0.0;0.0;0.0;1.6510181932203067;0.0;0.0;0.0;22.4773918724055;0.0;0.0;0.9768452065021318;0.0;0.0;0.0;0.0;0.0;0.0;0.0;0.0;0.0;0.0;0.0
41;Zuniga_2021;WSC;WSC-1;SIZ;-60.0;-53.0;1000;0.1859028068705488;2.4761904761904763;1319.4;2085.0;375.0;5270.0;1.9671511156734551;0.0;0.0;0.0;0.0;0.0;0.0;0.0;0.0;0.0;0.0;0.0;0.0;0.0;0.0;0.0;0.0;0.0;0.0;0.0;0.0;0.0;0.0;0.0;0.0;10.595386028418606;0.0;0.0;0.0;0.0;0.0;0.0;0.0;0.0;0.0;47.69877717146615;0.0;0.0;0.0;0.0;0.0;0.375493003403749;0.0;0.0;0.4250184594881765;0.0;0.0;0.0;3.3037981522502546;6.574819457200995;0.0;11.92879139877897;2.50328668935833;0.0;0.0;1.5327678426711326;0.12516433446791636;0.9256757973598435;0.0;0.0;0.0;0.0;0.0;0.0;0.0;0.0;0.0;0.0;0.0;0.0;0.0;0.0;0.0;0.0;0.0;0.0;0.0;0.0;0.0;1.65523078862535;0.0;0.0;0.0;0.0;0.0;0.0;0.0;0.0;0.0;0.0;0.0;0.0;0.0;0.0;0.0;0.6519350946386435;0.0;0.0;0.0;0.0;0.0;0.0;0.0;0.0;0.0;0.0;0.0;0.0;0.0;0.0;0.0;0.0;0.0;0.0;0.0;0.0;0.0;0.0;0.8500369189763535;0.0;0.0;0.0;0.0;0.0;0.0;0.0;0.0;1.1900516865668949;0.0;0.0;0.0;6.5299764078736455;0.0;0.0;1.1666396527815284;0.0;0.0;0.0;0.0;0.0;0.0;0.0;0.0;0.0;0.0;0.0
42;Zuniga_2021;WSC;WSC-1;SIZ;-60.0;-53.0;1000;0.14380206440846757;1.598777401603515;1028.6333333333332;1780.0;243.33333333333334;2773.3333333333335;1.53569283166176;0.0;0.0;0.0;0.0;0.0;0.0;0.0;0.0;0.0;0.0;0.0;0.0;0.0;0.0;0.0;0.0;0.0;0.0;0.0;0.0;0.0;0.0;0.0;0.0;16.845688900093155;0.0;0.0;0.0;0.0;0.0;0.0;0.0;0.0;0.0;16.92518057539399;0.0;0.0;0.0;0.0;0.0;0.238582140422631;0.0;0.0;0.8970773324751976;0.0;0.0;0.0;5.7360577052084905;3.17463686335967;0.0;20.913824285496798;1.4817828980719998;0.0;0.0;3.746311079652457;0.219869911151088;2.2292775550684865;0.0;0.0;0.0;0.0;0.0;0.0;0.0;0.0;0.0;0.0;0.0;0.0;0.0;0.0;0.0;0.0;0.0;0.0;0.0;0.0;0.0;5.019141491769607;0.0;0.0;0.0;0.0;0.0;0.0;0.0;0.0;0.0;0.0;0.0;0.0;0.0;0.0;0.0;1.310305464277474;0.0;0.0;0.0;0.0;0.0;0.0;0.0;0.0;0.0;0.0;0.0;0.0;0.0;0.0;0.0;0.0;0.0;0.0;0.0;0.0;0.0;0.0;0.23524084479706367;0.0;0.0;0.0;0.0;0.0;0.0;0.0;0.0;2.2996683065518666;0.0;0.0;0.0;16.268296123230844;0.0;0.0;0.923365691317411;0.0;0.0;0.0;0.0;0.0;0.0;0.0;0.0;0.0;0.0;0.0
43;Zuniga_2021;WSC;WSC-1;SIZ;-60.0;-53.0;1000;0.158343586367288;1.6579533256075605;1181.3333333333333;1146.6666666666667;170.0;1943.3333333333333;1.0188950391199503;0.0;0.0;0.0;0.0;0.0;0.0;0.0;0.0;0.0;0.0;0.0;0.0;0.0;0.0;0.0;0.0;0.0;0.0;0.0;0.0;0.0;0.0;0.0;0.0;12.81505960668675;0.0;0.0;0.0;0.0;0.0;0.0;0.0;0.0;0.0;1.6355425133759434;0.0;0.0;0.0;0.0;0.0;1.4310333399615567;0.0;0.0;0.47255131015563734;0.0;0.0;0.0;8.18144887888476;3.5283134735651664;0.0;22.634001900775132;2.5317334517890733;0.0;0.0;3.3215574985678633;0.232479572691317;3.6518389570801664;0.0;0.0;0.0;0.0;0.0;0.0;0.0;0.0;0.0;0.0;0.0;0.0;0.0;0.0;0.0;0.0;0.0;0.0;0.0;0.0;0.0;2.9665163841611197;0.0;0.0;0.0;0.0;0.0;0.0;0.0;0.0;0.0;0.0;0.0;0.0;0.0;0.0;0.0;1.58380138633399;0.0;0.0;0.0;0.0;0.0;0.0;0.0;0.0;0.0;0.0;0.0;0.0;0.0;0.0;0.0;0.0;0.0;0.0;0.0;0.0;0.0;0.0;0.46545091400422295;0.0;0.0;0.0;0.0;0.0;0.0;0.0;0.0;1.4473686665023393;0.0;0.0;0.0;31.14797022608407;0.0;0.0;0.934436880260937;0.0;0.0;0.0;0.0;0.0;0.0;0.0;0.0;0.0;0.0;0.0
